Arrondissement,Size_sqm,Rooms,Floor,Year_Built,Condition,Distance_to_Center_km,Price_EUR,Location_Apartment,Location_Loft,Location_Penthouse,Location_Studio
4,117,4,7,1870,2,2.76,2270802.89,1,0,0,0
8,89,3,3,1953,1,10.77,1637076.12,0,0,0,1
4,164,5,5,1979,0,3.14,3220782.59,1,0,0,0
2,35,1,5,1938,3,4.72,407781.74,1,0,0,0
7,73,2,2,1957,3,7.96,624879.12,0,0,0,1
18,78,1,2,1984,0,2.97,667477.59,0,0,0,1
8,181,2,1,1858,2,0.73,3508979.39,0,1,0,0
1,144,4,6,2021,0,7.68,1568492.01,0,0,0,1
11,189,3,3,1899,1,10.11,3574338.67,0,0,1,0
7,16,2,1,1893,3,14.12,236998.46,0,0,1,0
3,28,4,7,1931,3,8.33,239196.37,0,1,0,0
12,38,2,8,2006,2,12.13,744156.42,0,0,1,0
2,79,1,7,1978,3,3.38,1567568.82,0,1,0,0
13,77,3,7,2012,2,11.96,799730.38,1,0,0,0
20,137,5,9,1890,1,13.77,2618838.64,0,0,1,0
3,86,4,6,2000,1,10.2,1029486.76,1,0,0,0
10,51,3,5,1884,1,7.35,769874.25,1,0,0,0
4,115,3,9,1991,2,7.66,1969883.37,0,1,0,0
15,151,2,2,1912,1,13.49,1254059.46,0,0,1,0
12,66,5,4,2000,1,9.26,930787.99,0,0,1,0
9,157,3,6,1935,1,13.27,1638567.35,1,0,0,0
18,184,5,4,1983,1,7.12,2124759.18,0,0,0,1
15,122,4,9,1941,2,5.67,1585770.56,0,1,0,0
18,143,1,8,1965,2,5.61,2255436.25,0,0,0,1
2,17,3,4,1900,3,4.41,221151.84,0,0,0,1
11,166,3,7,1962,2,1.44,1971820.24,0,1,0,0
3,66,4,1,1980,2,4.86,727411.58,0,0,0,1
7,127,1,1,1979,0,6.46,1422574.27,0,1,0,0
15,101,5,0,1996,2,10.37,1226226.35,0,0,0,1
5,67,4,5,2009,2,9.09,896017.66,0,0,0,1
19,197,3,0,1887,0,5.83,2449863.13,0,1,0,0
12,130,2,0,1973,1,7.87,2028306.35,0,0,0,1
17,107,3,3,1996,3,10.81,1614706.54,0,1,0,0
2,161,4,3,2010,1,6.26,2534473.83,1,0,0,0
6,53,2,8,2000,3,8.35,956783.63,0,1,0,0
13,56,3,9,1961,0,8.55,601585.61,0,1,0,0
17,74,1,4,1886,3,13.3,806764.83,0,0,1,0
4,23,1,2,1997,2,13.36,280381.84,0,0,1,0
4,134,1,0,2013,0,13.53,2104386.89,0,0,1,0
6,98,3,8,1948,3,14.62,1221804.53,0,1,0,0
9,160,2,2,2018,3,3.05,2212378.41,0,0,0,1
10,82,1,3,1977,1,11.29,1141991.42,0,0,0,1
12,159,1,2,1968,3,4.13,2307166.76,0,0,0,1
20,172,5,7,1876,0,6.8,2380635.8,0,0,1,0
1,35,1,0,1910,2,7.74,522299.63,1,0,0,0
10,18,3,0,2021,3,14.14,310007.67,0,0,0,1
8,60,5,8,1886,3,13.96,1116115.7,1,0,0,0
16,60,5,0,1965,1,4.77,892050.58,1,0,0,0
5,174,1,1,1874,1,6.22,2053733.15,0,1,0,0
9,68,2,7,1963,1,9.42,1302893.74,0,1,0,0
18,100,2,9,1979,2,5.18,1104996.38,0,0,0,1
13,118,1,5,1888,0,4.76,1137455.81,0,0,1,0
17,40,3,7,1862,3,1.68,442979.33,0,1,0,0
8,149,1,3,1914,3,1.53,2314675.21,0,0,0,1
11,158,4,1,1915,1,6.86,2945026.11,1,0,0,0
19,100,3,5,1907,3,12.98,1358717.62,0,0,0,1
3,63,4,5,1950,1,8.07,533359.06,1,0,0,0
3,67,4,4,1952,2,1.74,709520.11,1,0,0,0
3,123,4,2,1904,2,2.51,1591158.36,0,0,0,1
16,158,5,9,2007,1,1.1,3102241.9,0,0,0,1
19,134,3,6,1939,1,0.87,1777866.04,0,1,0,0
16,131,1,0,1907,1,13.77,2130321.84,0,1,0,0
4,48,1,4,1978,0,14.35,764273.69,1,0,0,0
12,83,5,9,1993,0,2.8,1081921.66,0,1,0,0
15,100,1,4,1896,3,1.09,1210255.6,1,0,0,0
2,158,2,4,1888,2,5.52,2711338.95,0,1,0,0
4,115,2,4,1949,1,1.16,1769873.14,0,0,0,1
7,152,2,0,1918,1,10.42,2918587.83,0,1,0,0
14,30,2,3,2001,2,10.32,249544.07,0,0,0,1
15,177,4,2,2020,3,14.15,1688934.75,0,0,0,1
15,81,1,9,1892,3,3.34,1582277.23,1,0,0,0
18,155,4,1,1884,3,5.38,1427447.08,1,0,0,0
8,104,5,9,2011,0,4.28,1886404.39,0,0,0,1
16,149,4,1,1924,1,13.22,2430887.96,0,1,0,0
13,178,1,8,2013,1,3.07,3140235.27,1,0,0,0
13,166,3,3,1945,0,5.44,3301086.24,1,0,0,0
9,51,4,6,1948,2,2.0,670544.34,0,1,0,0
14,31,1,8,1935,1,4.82,435953.88,0,1,0,0
7,33,1,8,1996,1,1.82,285180.18,0,0,1,0
2,42,4,4,1918,2,4.75,625012.7,1,0,0,0
2,39,4,3,1902,0,11.98,626738.64,1,0,0,0
17,71,5,9,2016,3,14.94,1361151.6,0,0,0,1
17,136,5,1,1925,1,10.48,2290842.03,1,0,0,0
3,159,5,7,2019,1,6.25,2871821.3,1,0,0,0
13,41,2,4,2015,1,14.81,400129.57,1,0,0,0
19,123,1,0,1920,3,14.8,2283411.31,1,0,0,0
14,146,4,2,1957,2,8.6,1827206.79,0,0,1,0
7,105,2,6,1975,1,7.64,1982006.53,0,0,1,0
9,155,2,9,1997,1,2.22,2111708.79,0,1,0,0
10,75,1,2,1941,2,14.45,1269790.49,0,1,0,0
3,127,1,5,1966,0,14.47,2339745.07,1,0,0,0
20,58,5,4,1929,3,8.15,1139035.66,1,0,0,0
18,178,3,8,1995,2,2.91,2909398.16,0,0,0,1
5,63,1,5,1852,3,13.57,978433.91,0,0,1,0
8,199,3,7,1951,2,7.11,2262940.1,0,0,1,0
6,170,5,3,1939,2,6.13,1925857.61,0,1,0,0
20,74,2,4,1890,2,4.27,828152.88,1,0,0,0
4,169,1,4,2006,2,2.43,1919360.39,0,0,0,1
4,49,5,2,1896,1,13.83,945032.71,1,0,0,0
9,24,2,4,1968,1,6.46,350857.31,0,0,1,0
11,132,1,0,1860,2,9.11,1816906.21,0,0,0,1
17,77,1,0,2010,2,7.3,1512200.9,0,1,0,0
2,113,1,6,1855,0,10.53,922539.18,1,0,0,0
9,109,5,4,1872,3,11.65,2175600.98,1,0,0,0
11,179,2,0,1934,2,7.03,3257042.6,0,0,0,1
6,124,1,3,1962,0,11.48,2411627.93,0,1,0,0
18,48,4,6,2003,3,7.72,538755.35,1,0,0,0
3,196,3,0,1903,3,14.54,2791424.55,0,0,0,1
12,71,1,6,1934,0,9.77,682180.97,0,0,0,1
5,89,3,1,1887,2,9.32,1676565.33,1,0,0,0
12,96,3,1,1901,2,8.44,872834.41,1,0,0,0
7,93,4,9,1900,3,10.62,1076522.75,0,0,0,1
12,43,4,0,1923,1,11.65,581022.95,0,1,0,0
8,98,5,4,1975,1,9.68,1936518.31,0,0,0,1
14,129,1,5,1993,1,9.79,1744264.46,1,0,0,0
11,118,4,2,1945,1,7.37,1433464.87,0,1,0,0
9,107,2,2,1996,3,12.42,1628885.05,0,0,0,1
13,106,2,4,1919,0,2.25,1073157.34,1,0,0,0
8,26,2,0,1927,0,5.29,486995.79,0,0,0,1
12,169,1,8,1905,1,13.17,1539165.31,0,0,1,0
8,77,5,3,1850,1,1.73,618397.8,1,0,0,0
13,113,5,7,1863,2,9.46,2241364.49,0,0,1,0
3,92,2,7,1964,2,10.84,1561207.92,0,0,1,0
17,125,3,1,1887,2,8.22,1798170.23,0,1,0,0
1,29,1,9,1888,2,5.17,488617.01,1,0,0,0
6,100,2,8,1994,3,5.47,1442402.68,0,0,1,0
4,39,4,8,1958,2,7.45,478188.81,0,1,0,0
11,125,2,7,1962,3,8.68,1836613.4,0,1,0,0
13,56,1,3,1875,2,9.31,674764.27,0,0,0,1
2,198,3,4,1970,3,3.94,3927960.23,0,1,0,0
17,164,5,6,1961,2,2.83,1612826.79,0,0,0,1
14,89,1,2,1880,2,6.45,797689.64,1,0,0,0
20,50,2,3,1928,3,12.35,745599.05,0,0,1,0
10,127,3,1,1928,0,8.26,2266992.89,0,0,1,0
11,40,3,4,1919,2,14.54,722519.63,0,1,0,0
18,82,3,3,1962,1,8.18,852314.82,0,0,0,1
14,15,2,5,1886,1,7.84,258200.31,0,1,0,0
20,114,5,0,1983,0,5.38,1640582.34,0,0,1,0
18,24,5,1,1862,2,10.43,210251.99,1,0,0,0
10,98,1,8,1866,0,2.19,947257.93,0,0,0,1
19,157,3,0,1918,0,12.54,1913267.81,0,0,1,0
15,192,5,8,2011,1,3.13,3219918.66,0,1,0,0
17,49,1,5,1909,1,12.71,827778.94,0,1,0,0
3,86,3,2,2014,2,12.31,1508715.87,0,0,1,0
3,137,2,8,1891,2,6.19,2588531.92,0,0,0,1
8,54,3,0,1872,1,6.86,836417.8,0,0,0,1
1,167,1,6,1902,1,13.64,3138747.44,1,0,0,0
16,193,3,2,1984,0,11.09,2543419.18,1,0,0,0
14,56,4,0,2004,0,11.93,981584.93,0,0,0,1
16,52,1,4,2004,1,11.29,610514.57,0,1,0,0
5,100,2,9,1946,3,1.99,1714950.42,1,0,0,0
14,155,4,3,1864,1,12.06,2090020.41,0,0,0,1
17,19,5,1,2004,3,9.8,204269.32,0,1,0,0
18,178,4,4,1997,3,3.13,2953758.5,0,0,0,1
15,88,2,9,1990,0,2.52,1704331.21,0,0,0,1
17,125,4,3,1917,0,11.96,1889444.36,0,0,1,0
20,51,2,9,1986,0,6.65,880002.96,0,1,0,0
6,43,1,6,1850,0,2.14,821593.35,0,1,0,0
9,163,2,5,1906,2,5.32,2944884.66,0,0,0,1
17,196,3,4,1902,1,5.36,2958679.82,0,1,0,0
9,194,1,8,1884,3,6.27,1562783.35,0,1,0,0
10,39,2,1,1984,2,5.53,742492.43,0,0,0,1
11,176,3,2,2001,3,8.88,2363084.29,0,0,1,0
5,194,5,0,1878,1,8.92,3681761.26,0,0,0,1
13,164,2,4,1898,1,3.08,1337769.89,0,0,0,1
3,98,1,5,1935,0,1.74,958827.37,0,1,0,0
11,118,1,6,1972,0,12.1,1368227.81,0,1,0,0
2,76,5,7,1868,0,1.45,1177978.1,0,0,0,1
13,92,3,1,1962,0,6.31,1236430.87,1,0,0,0
16,180,3,0,1857,2,13.0,1775318.93,1,0,0,0
10,117,3,9,1959,0,8.14,1460126.28,0,1,0,0
18,101,4,6,1942,0,6.42,1825824.1,0,0,0,1
8,71,3,7,1903,0,5.42,764875.73,0,0,1,0
16,81,3,7,2011,0,12.18,1282469.22,1,0,0,0
11,102,3,3,2014,1,2.55,1994282.77,0,1,0,0
15,156,2,6,2010,3,3.51,1272339.6,0,0,0,1
13,161,5,1,1851,3,13.7,2981289.95,1,0,0,0
14,162,3,1,1968,0,4.39,1800319.15,0,0,0,1
6,19,5,8,1902,2,4.77,245345.86,1,0,0,0
13,100,4,9,2007,1,7.57,968135.81,0,0,1,0
15,142,1,0,1863,2,11.25,1962062.34,0,0,1,0
13,39,1,3,2003,0,8.12,377218.64,0,0,1,0
9,123,2,5,1995,0,8.18,1385925.61,1,0,0,0
1,56,4,1,1866,2,6.38,782716.99,1,0,0,0
8,136,4,9,1935,3,2.48,1424879.52,1,0,0,0
1,71,3,8,1902,1,3.04,1076995.96,0,0,0,1
1,187,1,9,1895,1,1.18,2435721.06,0,0,0,1
5,68,3,4,1885,3,11.68,694446.67,0,1,0,0
19,43,5,3,1962,0,10.96,775932.76,0,0,0,1
9,68,2,7,1999,1,11.12,867665.89,0,0,1,0
20,47,2,3,1930,1,7.7,393587.29,1,0,0,0
10,123,3,9,1922,3,1.59,1477343.98,1,0,0,0
10,31,1,7,1891,0,7.17,432322.77,0,1,0,0
7,49,3,2,1951,1,9.06,437726.02,1,0,0,0
4,33,5,0,1866,3,14.28,300266.5,0,0,1,0
19,69,1,7,1932,2,11.12,705290.07,1,0,0,0
18,163,1,5,1874,2,13.6,2592580.27,0,1,0,0
3,26,3,9,1896,3,1.14,516152.42,0,0,1,0
14,30,1,4,1935,3,13.77,305007.12,0,1,0,0
14,28,5,2,1921,0,14.58,469623.95,0,0,1,0
5,96,4,1,1952,1,1.04,1740920.91,0,1,0,0
17,173,3,1,1980,0,10.6,2547965.85,0,0,1,0
15,182,2,6,1864,2,12.16,3038890.63,0,1,0,0
11,18,5,1,2010,3,13.35,286917.52,0,0,0,1
9,184,4,6,2019,1,14.86,1986374.52,0,1,0,0
15,27,5,2,1972,2,14.97,340404.3,0,1,0,0
1,43,1,4,1865,2,13.17,551396.35,0,1,0,0
6,135,2,6,1933,1,11.19,1228552.92,0,1,0,0
12,191,3,7,2007,2,12.87,2599076.28,0,0,1,0
9,160,5,0,1922,3,2.09,1360818.92,0,0,1,0
17,135,4,9,1886,3,11.9,1433571.3,0,0,0,1
8,185,4,7,1912,0,14.2,2407029.32,0,1,0,0
18,25,5,6,1901,0,1.44,496755.47,0,0,0,1
16,86,4,5,1966,3,12.54,1552636.16,0,1,0,0
3,124,2,8,2018,1,3.2,1061854.69,0,0,1,0
13,17,5,6,1858,2,13.95,147799.91,0,0,0,1
19,136,1,9,2012,0,11.49,1371797.05,0,0,1,0
18,76,1,2,1862,0,3.75,748353.07,0,0,1,0
18,103,1,4,1947,2,7.13,1930122.9,0,0,1,0
15,198,3,8,2002,2,12.86,2232551.47,0,0,1,0
9,184,1,8,1854,3,11.16,2198545.41,0,0,0,1
7,138,3,9,1995,3,1.68,2301983.71,0,0,1,0
18,74,5,0,1963,1,7.68,1386298.18,0,0,0,1
7,76,5,2,1905,2,10.1,1434740.51,0,1,0,0
19,54,3,0,1855,3,8.06,992191.39,0,0,1,0
7,94,4,8,1862,1,12.64,1711456.19,0,0,1,0
12,103,5,5,1856,2,13.28,1664653.99,0,0,0,1
1,59,2,6,2019,2,2.37,801552.77,0,0,0,1
2,121,5,1,1949,2,8.56,2047573.99,1,0,0,0
5,91,5,1,1862,3,9.45,1010487.66,0,1,0,0
1,127,1,1,1937,0,12.37,1978883.82,0,0,1,0
16,84,3,9,1912,2,6.19,1439116.13,0,1,0,0
6,93,5,3,1997,2,10.47,858400.86,1,0,0,0
16,82,3,5,1994,3,8.94,819715.55,1,0,0,0
13,36,2,1,1899,3,14.86,320267.99,0,1,0,0
19,189,5,2,1974,1,6.06,2523433.44,1,0,0,0
5,43,3,2,1907,3,0.51,767900.68,0,0,1,0
8,188,2,0,1948,0,7.05,3753512.87,1,0,0,0
20,53,5,3,1881,0,1.69,865181.9,0,0,0,1
15,98,3,0,1975,2,2.69,1105353.2,0,1,0,0
19,106,5,4,1933,2,6.27,2048279.45,0,1,0,0
19,199,5,0,1907,3,13.46,3941738.62,1,0,0,0
7,29,2,0,1874,2,10.87,306160.44,0,0,0,1
3,32,4,7,1909,1,3.19,437712.6,0,0,0,1
6,159,5,1,1980,1,12.05,2753746.8,1,0,0,0
1,186,5,9,1980,0,3.19,3523218.03,0,1,0,0
20,29,1,6,1866,2,9.31,232428.68,0,1,0,0
2,98,4,8,1912,2,9.95,1440693.3,0,0,0,1
10,131,2,0,1921,3,7.24,2301762.91,0,1,0,0
8,78,2,5,1881,1,10.03,1073222.75,0,0,1,0
14,47,4,7,1860,1,7.47,815835.96,1,0,0,0
5,102,1,8,1895,1,2.57,1112263.1,0,0,1,0
3,94,4,9,2017,1,0.64,1544380.49,1,0,0,0
10,111,2,8,2007,0,0.98,1599610.62,0,0,1,0
4,130,2,1,2015,2,8.73,1659200.31,0,1,0,0
13,188,2,1,1955,0,2.93,3310123.59,0,0,1,0
15,63,3,5,1858,3,14.08,597910.29,1,0,0,0
14,117,1,7,1921,2,10.85,1931520.97,0,0,1,0
1,76,4,6,1933,1,8.52,917578.58,1,0,0,0
19,148,2,2,1976,2,8.13,2576086.61,1,0,0,0
19,120,3,6,1861,1,2.81,2003750.25,1,0,0,0
16,59,3,6,1949,2,11.29,627203.5,0,1,0,0
6,133,5,2,1893,0,8.55,2115297.61,0,1,0,0
3,160,3,7,1954,2,7.65,1718633.1,0,1,0,0
14,170,2,5,1946,2,12.69,2182653.18,0,0,1,0
4,63,5,7,1997,2,9.62,1053739.82,0,0,0,1
14,122,4,1,1945,2,9.03,1715092.91,0,1,0,0
13,131,2,1,1928,0,13.56,1813043.58,1,0,0,0
3,20,2,9,1974,2,3.55,398112.0,0,0,1,0
11,32,5,2,1875,0,10.88,537515.4,1,0,0,0
17,101,2,1,1968,0,6.49,1095902.51,1,0,0,0
14,180,5,5,1909,1,6.37,2384277.24,1,0,0,0
17,28,1,6,1919,0,9.96,446640.75,0,0,1,0
15,103,1,2,1854,1,5.22,1317220.79,1,0,0,0
9,182,4,6,1896,2,3.9,1741828.08,0,0,0,1
15,24,3,9,1942,3,5.39,319303.02,0,1,0,0
1,108,1,3,1857,1,9.45,1422430.23,0,0,0,1
10,15,1,3,1877,0,1.03,150067.54,1,0,0,0
3,179,5,0,1969,3,12.18,2577983.62,0,0,0,1
15,170,4,3,1963,1,14.81,2461407.91,1,0,0,0
16,51,4,0,1968,2,3.76,439638.46,0,0,1,0
14,73,5,2,1861,0,2.65,674498.65,0,1,0,0
8,195,2,1,1899,1,14.61,3818377.75,0,1,0,0
13,53,3,5,1933,1,2.32,734906.43,0,0,0,1
3,140,5,1,1973,0,10.26,1361151.17,0,0,1,0
11,99,1,5,1854,3,14.47,1660225.42,0,0,1,0
10,189,2,6,2020,0,10.41,3012582.17,0,0,1,0
5,128,2,7,1896,0,8.77,1973013.36,0,1,0,0
12,90,3,3,1882,0,9.21,1725424.59,0,0,1,0
15,45,5,8,1939,1,5.55,720164.62,0,0,1,0
8,77,1,8,1862,1,11.84,1416589.33,0,1,0,0
14,91,1,1,1974,2,11.6,847147.72,1,0,0,0
16,146,3,1,1990,0,12.07,2583346.09,0,1,0,0
5,97,5,7,1903,3,9.91,1727959.03,0,1,0,0
5,157,1,6,1992,3,10.58,1946413.53,0,0,1,0
15,74,5,0,1884,0,3.8,990439.94,1,0,0,0
1,25,3,9,2023,0,7.76,250533.32,0,0,0,1
5,99,2,1,2005,0,0.87,1922356.53,1,0,0,0
9,168,1,1,1897,0,8.91,2110474.37,0,0,1,0
3,58,4,6,1919,0,11.33,887101.94,0,0,1,0
11,122,3,4,2000,3,6.75,1739086.77,0,1,0,0
20,94,5,8,1885,1,13.94,1764978.46,1,0,0,0
10,29,4,5,1868,3,1.97,557183.74,0,0,0,1
14,139,4,3,1876,3,13.98,1540303.31,1,0,0,0
15,170,3,9,2013,2,10.91,2545101.39,0,0,0,1
1,16,1,9,1938,2,8.08,315531.25,1,0,0,0
2,21,4,6,1905,2,12.0,213722.46,0,0,1,0
12,56,4,5,1856,1,12.33,733282.43,0,1,0,0
8,186,5,6,1999,1,12.38,2901193.87,0,1,0,0
6,151,2,9,1971,3,5.73,1592225.25,0,0,0,1
20,184,1,4,1917,1,4.48,1995010.19,0,1,0,0
16,33,4,9,1938,1,1.89,431800.35,0,0,0,1
15,178,2,1,1918,0,2.94,2388975.76,0,0,1,0
9,122,2,4,1999,0,0.84,1668313.84,1,0,0,0
10,157,3,9,1927,3,9.66,2399765.16,0,0,0,1
15,199,1,2,1856,2,10.58,3950831.82,0,0,1,0
14,81,2,6,2018,0,10.54,1064210.03,0,0,1,0
10,38,4,3,1951,0,8.89,677330.42,0,0,0,1
16,181,5,7,1946,1,9.14,1620498.87,1,0,0,0
13,87,1,8,1862,2,8.03,932629.28,0,0,1,0
10,144,4,4,1857,0,13.26,2535016.05,1,0,0,0
9,64,3,9,1852,3,3.26,921311.58,1,0,0,0
20,144,4,0,1884,2,11.09,2295658.12,0,1,0,0
8,44,4,9,1885,1,14.44,383755.16,0,0,1,0
7,45,1,9,2007,1,7.03,452058.09,0,0,1,0
4,158,4,7,1852,2,13.94,1922995.61,1,0,0,0
15,37,4,5,1854,2,11.19,728529.1,1,0,0,0
5,122,1,4,1933,2,9.54,2208736.74,1,0,0,0
11,46,1,5,1991,1,2.21,703884.5,0,1,0,0
7,165,2,8,1934,2,5.52,1996515.51,0,0,0,1
17,89,3,6,2003,1,9.21,1135976.26,0,0,1,0
9,69,3,5,1909,2,12.85,1203036.49,0,1,0,0
11,26,1,1,2022,0,6.02,244306.32,1,0,0,0
3,172,3,3,1863,1,1.67,3006622.82,0,0,0,1
13,163,3,1,2012,3,5.52,1643413.95,0,0,1,0
13,34,2,8,1874,2,7.45,533516.61,1,0,0,0
18,47,4,0,1959,0,13.52,717993.21,1,0,0,0
12,139,4,8,1983,0,2.62,1950280.22,0,0,1,0
12,131,2,1,1874,1,3.87,1155166.87,1,0,0,0
16,187,4,3,1995,2,4.53,3238967.83,1,0,0,0
20,148,5,1,1909,3,5.79,1215413.55,0,0,0,1
15,45,3,1,1859,0,3.57,664798.19,0,0,1,0
4,140,3,7,1932,3,2.97,2387145.95,0,0,0,1
2,163,1,2,1856,0,10.54,2834953.46,0,0,1,0
4,111,4,7,1866,1,3.87,1731408.58,1,0,0,0
18,138,4,3,1973,0,12.8,1391734.3,0,0,0,1
15,192,5,2,1856,0,8.12,3578736.11,0,0,1,0
19,28,5,4,1979,0,2.44,354058.46,0,0,0,1
4,163,5,9,1969,0,8.26,2791126.89,0,1,0,0
9,79,5,1,1931,2,1.44,643490.49,1,0,0,0
7,174,4,0,1988,0,7.09,2167501.09,0,1,0,0
8,66,5,3,1883,3,5.21,914686.98,0,0,1,0
12,96,3,3,2006,3,7.16,1201023.3,0,0,1,0
13,35,2,8,1866,1,10.05,654675.57,0,0,1,0
4,183,1,0,1859,3,13.99,3240308.08,0,1,0,0
7,35,4,1,1857,3,13.48,547624.62,1,0,0,0
11,191,1,7,2022,1,2.68,1680766.48,0,0,0,1
19,174,4,4,1857,3,1.1,2461519.37,0,0,0,1
18,101,3,2,2001,1,2.03,1606751.07,0,0,0,1
8,31,5,7,1907,1,7.2,437191.5,0,0,1,0
20,153,4,6,1877,2,5.65,2646263.88,1,0,0,0
5,19,5,7,1913,2,6.65,302549.02,0,0,0,1
6,125,4,7,1953,3,9.56,2348351.24,1,0,0,0
5,192,3,3,1927,2,1.5,1815674.31,1,0,0,0
8,136,2,3,1989,3,7.38,1613855.7,0,0,1,0
6,16,5,1,1860,3,1.13,239825.15,0,0,1,0
5,31,2,8,1908,3,8.48,331557.01,0,1,0,0
3,128,4,4,2021,0,3.36,1393704.01,0,1,0,0
12,188,1,2,1971,0,12.33,2960949.19,1,0,0,0
17,133,1,1,1998,3,11.45,1476456.87,0,0,0,1
17,163,4,5,1999,0,14.78,1409346.65,0,0,1,0
1,36,4,1,1851,0,2.41,306651.05,1,0,0,0
13,194,3,2,2000,3,12.69,3798822.04,0,1,0,0
16,36,3,0,1852,3,4.81,615535.92,0,1,0,0
3,33,5,8,1977,1,6.79,301127.74,0,0,1,0
3,150,2,7,1978,2,11.25,2204476.19,0,0,0,1
20,17,1,2,1913,0,12.1,192692.03,0,0,1,0
20,24,5,6,2004,0,10.47,403124.53,0,0,1,0
17,126,5,3,1935,3,12.8,1822507.85,0,1,0,0
4,72,4,8,2011,0,11.5,1220313.99,0,0,0,1
15,34,3,6,1919,0,13.21,580555.98,0,0,0,1
11,115,2,3,1869,0,11.82,1428267.15,0,1,0,0
14,168,5,5,1952,2,0.55,2680692.68,1,0,0,0
14,52,4,3,1866,2,9.03,529143.23,0,0,1,0
12,18,5,7,1929,0,3.77,282742.31,0,0,0,1
3,146,2,2,2008,3,0.83,2218094.43,1,0,0,0
3,161,1,2,1999,3,10.58,2517699.94,0,1,0,0
12,90,2,3,1868,3,6.88,1484295.41,0,0,0,1
19,108,1,1,1912,3,3.7,1426489.1,0,0,1,0
14,61,3,5,1894,0,3.02,1025006.79,0,0,1,0
2,18,4,5,1896,2,12.68,313700.75,0,0,1,0
12,89,1,4,1910,1,14.7,1726934.02,1,0,0,0
5,17,5,5,1930,1,13.98,278851.4,0,1,0,0
4,65,5,2,1895,2,3.77,563786.16,0,0,1,0
4,83,5,3,1898,1,6.81,1123885.88,0,0,1,0
14,19,4,3,1975,2,11.06,182433.43,1,0,0,0
1,177,1,3,1919,2,1.33,3073172.55,0,0,0,1
10,188,4,8,1880,2,13.88,1800324.26,0,0,1,0
1,50,5,9,2007,1,1.03,441374.81,0,0,0,1
19,149,3,7,1987,3,4.44,1684794.86,0,1,0,0
5,196,2,5,1893,3,2.77,3554944.75,1,0,0,0
17,198,3,9,1956,0,2.52,1732864.01,0,0,0,1
14,192,1,5,1976,2,3.93,3314360.2,0,1,0,0
6,174,3,6,1998,2,1.26,3403567.58,0,0,1,0
11,134,1,4,1931,3,2.6,1867125.66,1,0,0,0
5,101,2,0,1996,3,4.98,1039723.13,0,0,0,1
3,99,4,8,2010,0,2.69,1207213.57,0,0,1,0
14,141,2,5,1882,0,8.09,1278317.69,0,1,0,0
14,75,5,9,1892,1,1.48,1374125.72,0,0,1,0
17,100,1,5,1947,2,7.53,1452245.86,1,0,0,0
14,99,5,8,1915,2,1.91,1915489.4,1,0,0,0
19,158,3,5,1925,2,1.4,2498245.69,0,1,0,0
2,182,4,2,1912,0,7.71,2233445.85,0,0,0,1
20,46,5,3,1959,3,11.43,458917.91,1,0,0,0
7,157,5,3,1941,1,4.2,2498741.73,0,0,1,0
5,139,1,9,1962,2,0.89,2046384.01,0,0,1,0
11,167,3,0,1891,3,7.72,3158077.29,1,0,0,0
16,20,4,1,2020,1,11.75,268407.24,0,1,0,0
5,65,3,9,1857,1,4.66,678937.84,0,1,0,0
17,55,4,7,1904,3,9.82,622451.52,0,0,1,0
13,157,2,3,1861,0,2.91,1553586.89,1,0,0,0
1,94,3,1,1956,3,14.76,1161577.63,0,1,0,0
11,175,4,7,1950,0,11.12,1824232.9,0,1,0,0
14,190,3,5,1959,3,1.71,2234009.35,0,0,1,0
13,46,1,6,1865,2,14.83,811589.15,1,0,0,0
6,123,5,1,1853,2,14.96,1969849.92,0,1,0,0
3,73,3,2,1946,3,0.93,1185690.23,0,1,0,0
8,162,2,4,1858,0,12.38,1703759.73,0,1,0,0
17,192,3,8,1988,0,13.57,3286077.87,1,0,0,0
10,122,4,7,1980,1,13.26,1435785.0,0,0,1,0
11,44,2,7,2010,3,3.98,481011.49,0,0,0,1
17,194,2,1,1907,1,9.4,2362007.61,1,0,0,0
12,37,1,2,1882,1,2.33,669602.71,0,0,1,0
8,30,2,7,2005,1,10.38,357037.45,1,0,0,0
9,162,4,6,1936,1,1.62,3223947.65,0,0,0,1
20,81,4,5,1992,3,3.58,1490127.69,0,0,0,1
6,71,5,3,1991,0,13.6,915877.0,0,1,0,0
19,159,1,1,1964,2,13.65,2776357.53,0,1,0,0
11,165,3,7,1895,0,7.18,1539759.15,0,0,0,1
3,114,5,2,1996,0,14.66,1659814.77,0,1,0,0
10,92,3,8,2017,3,11.23,1202493.46,0,0,1,0
12,168,1,2,1980,2,11.43,1933111.95,1,0,0,0
15,42,4,8,1973,3,12.53,830826.54,0,1,0,0
2,33,4,5,1910,2,1.49,308581.83,0,0,1,0
3,44,1,7,1901,0,4.87,358549.33,1,0,0,0
15,67,3,8,1917,0,13.22,717986.6,1,0,0,0
19,16,1,5,2018,2,14.84,191438.34,0,0,0,1
20,197,5,2,1860,1,14.93,3557391.76,0,1,0,0
2,64,5,4,1897,3,12.55,912470.29,0,1,0,0
11,186,1,8,1986,1,10.2,3134246.75,1,0,0,0
2,79,5,7,1925,0,13.7,1290339.03,0,0,0,1
15,188,1,3,1942,2,2.97,2272880.22,0,0,0,1
12,35,3,8,2006,0,9.77,467003.37,0,0,1,0
14,69,4,5,1925,3,7.57,638298.14,0,0,1,0
11,100,4,1,1940,2,11.28,1940637.26,1,0,0,0
4,15,1,5,1876,2,2.53,120525.79,0,1,0,0
9,138,2,0,1948,2,3.34,2712858.14,0,0,0,1
3,49,5,0,1990,2,8.29,670881.59,0,0,0,1
10,63,1,3,1973,1,4.63,669616.02,0,1,0,0
20,53,5,9,1956,2,1.14,702910.48,1,0,0,0
18,23,5,0,1937,2,8.21,262539.2,0,1,0,0
5,73,1,2,1988,0,2.41,609989.36,1,0,0,0
17,60,5,2,1925,3,13.29,764094.77,0,0,1,0
12,123,4,0,1894,1,10.92,1979721.19,0,0,1,0
7,22,1,6,2007,0,4.24,344009.96,0,0,1,0
7,191,4,1,1917,1,6.07,3101664.08,0,0,0,1
5,141,4,2,2005,2,8.47,1752437.71,1,0,0,0
4,127,1,2,1992,2,11.37,1632061.35,1,0,0,0
20,16,5,1,1900,0,9.11,258304.63,0,0,0,1
5,24,2,8,1970,1,2.74,231994.94,0,0,0,1
20,17,4,4,1851,0,8.18,266126.93,0,0,0,1
2,145,2,2,1914,2,1.72,1180369.5,0,1,0,0
8,115,5,8,1872,2,12.34,2035071.23,0,1,0,0
15,52,4,1,2013,1,10.26,657732.97,0,0,0,1
10,133,1,9,1879,1,6.97,1552876.34,0,1,0,0
12,112,3,8,1912,0,1.93,1500965.8,0,1,0,0
10,89,2,5,1949,0,6.2,1107215.89,0,1,0,0
6,166,2,4,1856,1,2.57,1660385.52,0,0,0,1
9,70,1,3,1868,0,0.87,850537.07,1,0,0,0
12,160,4,0,1962,3,10.32,1292883.95,1,0,0,0
10,83,2,7,1914,1,2.03,1502356.47,1,0,0,0
9,127,5,7,1937,1,7.83,2497366.49,0,1,0,0
14,89,5,5,1956,1,6.13,1122332.77,1,0,0,0
15,65,2,4,1879,3,2.39,764300.88,0,0,1,0
14,136,5,4,1884,0,13.38,1692487.88,1,0,0,0
17,32,4,3,1994,1,6.09,465426.35,0,0,1,0
13,36,4,8,1898,2,8.22,711407.08,1,0,0,0
8,123,5,2,1980,2,4.88,2214467.34,1,0,0,0
4,174,5,0,1934,1,5.47,1798374.57,0,0,1,0
5,35,4,3,1978,2,8.92,628889.17,1,0,0,0
16,38,5,1,1988,0,3.51,506483.95,0,0,0,1
15,31,3,7,2001,3,9.5,575477.09,1,0,0,0
1,179,5,4,1994,1,10.81,1749869.95,0,0,1,0
5,132,3,4,1947,3,10.97,1265677.85,0,1,0,0
10,187,4,5,1988,2,8.47,1581230.63,0,0,0,1
4,19,1,8,1895,1,1.0,307212.34,1,0,0,0
14,84,1,9,1897,3,1.86,1628705.04,0,1,0,0
4,66,2,0,2000,3,6.1,917203.2,0,1,0,0
17,193,5,1,1941,1,12.5,3815392.32,0,0,0,1
10,18,5,8,1921,3,12.88,246920.41,0,1,0,0
20,95,1,7,1996,1,5.02,1725544.49,0,0,1,0
19,81,3,6,1963,1,7.41,677927.93,0,1,0,0
3,107,3,9,1891,3,9.67,1975710.07,0,0,1,0
17,35,4,7,1884,0,3.56,617863.63,1,0,0,0
16,71,3,7,1875,0,12.51,1418143.37,1,0,0,0
12,85,3,8,1886,3,11.24,1432626.91,0,0,1,0
12,51,5,4,1977,2,12.23,869097.89,1,0,0,0
8,15,4,7,1872,2,7.57,246006.17,1,0,0,0
5,188,4,5,1924,2,5.56,2422432.24,1,0,0,0
18,17,4,1,1894,1,14.35,253716.3,0,0,1,0
15,137,2,6,2011,1,12.02,1222361.25,0,1,0,0
5,158,4,9,1862,0,10.17,1539292.59,1,0,0,0
2,173,4,2,1985,1,4.74,3176419.99,0,0,1,0
2,134,3,6,1902,3,12.71,1107419.29,0,0,0,1
11,159,1,4,1996,0,5.69,1690374.72,0,0,1,0
18,71,1,0,1872,2,13.07,672728.42,0,1,0,0
2,88,2,5,1901,2,9.74,1571432.18,0,0,0,1
12,128,2,3,1902,2,12.16,2120631.24,1,0,0,0
9,36,4,6,1857,2,4.44,349722.42,1,0,0,0
14,133,2,1,1976,0,1.29,1277590.07,0,1,0,0
13,63,1,9,1942,1,1.18,504101.83,0,0,1,0
16,110,1,1,1857,2,0.56,962750.3,0,1,0,0
17,83,4,8,1914,3,2.38,1401940.44,0,0,1,0
14,151,3,3,1949,0,13.65,2778184.94,1,0,0,0
20,65,5,5,1961,2,14.08,849459.93,0,0,0,1
11,193,5,6,2006,3,6.12,1812708.53,1,0,0,0
11,134,2,4,1998,2,13.19,1295698.29,0,0,1,0
15,115,1,0,1874,1,4.82,1304246.38,0,1,0,0
15,35,4,4,1891,0,2.02,608366.02,0,0,1,0
2,62,4,2,1896,0,2.11,1140170.2,0,0,1,0
9,119,4,1,1990,3,6.53,2178590.15,1,0,0,0
13,144,1,5,1949,1,10.33,2287906.82,0,0,1,0
1,187,5,7,1857,0,9.95,2158656.52,0,0,0,1
2,32,3,4,1877,3,10.84,377200.9,0,0,0,1
8,196,1,2,1862,2,1.34,3661785.69,0,0,1,0
13,132,2,4,1923,1,0.71,1917388.27,1,0,0,0
15,179,2,3,1991,2,6.5,1473515.75,0,0,1,0
15,167,3,0,1861,1,9.13,2146196.65,1,0,0,0
17,38,5,3,1971,0,8.03,515627.39,0,0,1,0
11,79,4,0,1953,1,2.41,1063263.11,0,0,1,0
4,41,5,8,2011,1,3.14,365581.39,1,0,0,0
16,149,5,6,1856,3,5.55,1803145.03,0,1,0,0
9,140,4,4,1984,0,13.25,1122274.09,0,0,1,0
7,65,1,7,1894,0,6.27,946631.34,0,0,1,0
7,146,3,1,2005,1,7.36,2412157.28,1,0,0,0
3,138,4,9,1953,1,14.17,1199790.41,0,1,0,0
15,147,4,5,1866,2,3.77,2136466.84,1,0,0,0
12,120,1,9,1894,2,4.51,1856275.64,1,0,0,0
10,195,4,0,1898,1,14.24,2468307.75,0,0,0,1
12,116,4,8,2023,3,1.4,1678027.71,0,0,0,1
7,128,5,8,1903,1,6.53,1787871.92,0,0,0,1
16,180,3,9,1870,2,14.45,3083950.74,1,0,0,0
18,148,2,2,1855,0,6.96,2155222.72,0,0,1,0
18,186,5,0,1924,3,12.0,1599553.19,0,0,0,1
3,25,4,8,1865,0,9.73,397734.13,0,0,1,0
16,62,3,8,1925,0,4.26,1225970.94,0,1,0,0
19,103,2,6,1951,1,9.52,1557641.32,1,0,0,0
11,168,4,1,1866,0,14.42,3016053.52,1,0,0,0
15,94,2,7,1990,1,12.89,1842835.42,0,0,1,0
18,110,4,0,2020,1,10.17,1206489.22,0,0,0,1
14,98,2,5,1893,3,0.68,1691433.25,1,0,0,0
17,88,4,9,2020,2,1.17,1081022.99,0,0,0,1
6,184,4,6,1940,2,4.18,1864776.98,0,0,0,1
8,169,1,9,1858,2,2.73,2168806.2,0,0,1,0
3,169,2,8,1942,1,7.48,3366321.17,0,0,1,0
18,81,4,2,1948,1,14.29,736181.49,0,0,1,0
10,105,2,1,2022,1,4.14,1289972.66,1,0,0,0
19,195,3,0,1963,1,13.58,2532513.12,0,0,0,1
20,168,5,6,1859,3,12.68,3308334.43,0,0,1,0
1,55,1,0,1994,3,2.65,590938.31,1,0,0,0
19,183,5,7,1998,1,7.99,2411311.9,0,0,1,0
19,40,3,6,1896,3,13.6,455598.11,0,1,0,0
16,168,5,3,1872,2,7.41,2189607.16,0,0,1,0
16,157,2,7,1890,0,4.79,1641617.33,0,0,0,1
10,126,4,3,1971,3,14.14,1969696.21,0,1,0,0
2,179,1,7,1876,0,12.62,2311417.13,0,0,0,1
14,178,2,7,1853,0,2.7,3077063.69,0,1,0,0
7,199,1,7,1965,1,6.67,2879357.79,0,0,1,0
11,83,5,8,1903,2,5.75,1426484.56,0,0,1,0
13,71,2,6,2015,2,0.65,738877.33,0,0,0,1
17,17,3,3,1925,2,3.75,146587.79,1,0,0,0
8,178,1,6,1907,3,4.89,3236236.61,0,1,0,0
9,115,1,2,1975,1,5.39,1268882.78,0,1,0,0
5,61,4,7,1871,3,6.2,1208916.35,1,0,0,0
10,163,1,6,1880,0,11.43,2048629.02,0,1,0,0
8,46,3,8,1988,2,9.61,516498.85,0,0,0,1
19,31,4,8,1972,1,11.51,601105.61,0,0,1,0
6,116,1,8,1900,0,5.85,1643285.41,0,1,0,0
16,141,2,6,1972,0,12.15,2307678.27,0,0,1,0
1,165,2,8,1930,0,0.95,2763382.5,1,0,0,0
17,183,5,5,1855,1,10.14,1776206.3,0,1,0,0
7,17,1,6,1914,3,5.02,279038.65,0,0,1,0
2,29,4,3,1995,0,0.73,505599.57,0,0,1,0
20,57,4,9,1882,2,14.57,541077.86,0,1,0,0
18,146,3,5,1970,3,8.25,2045905.97,1,0,0,0
14,182,3,4,1876,2,7.49,2394237.54,0,0,0,1
12,27,3,9,1938,2,2.78,524599.35,0,1,0,0
2,186,2,2,1906,3,12.05,3432996.12,0,1,0,0
19,21,3,6,1932,2,9.61,382371.43,0,0,0,1
18,86,4,4,1924,3,3.28,880895.7,0,0,1,0
13,154,1,4,1906,2,13.23,2959869.71,0,1,0,0
20,83,3,1,1961,1,5.34,1018431.34,1,0,0,0
4,137,2,6,1882,2,9.81,1433679.92,0,1,0,0
11,196,3,7,1997,1,4.53,3414952.24,0,0,1,0
7,96,2,7,1911,3,8.02,1821770.24,0,1,0,0
2,31,2,4,2005,1,6.35,609091.67,1,0,0,0
11,96,2,0,1920,0,4.33,1438675.08,0,1,0,0
5,24,2,1,1973,2,8.47,331115.43,0,0,0,1
20,180,2,6,2006,1,13.92,2743856.35,0,0,1,0
13,34,3,3,1957,2,7.14,447592.9,0,0,1,0
17,125,2,1,1999,2,14.49,1401103.04,0,1,0,0
16,41,2,5,1949,2,4.12,549737.75,1,0,0,0
11,16,5,2,2003,0,7.01,161423.68,1,0,0,0
19,67,3,4,1972,3,11.7,1128174.32,0,0,1,0
20,114,2,0,1962,2,6.09,1423022.97,0,1,0,0
19,21,1,2,1978,3,3.7,304581.5,0,0,0,1
19,87,5,5,2015,1,1.98,1340407.98,0,1,0,0
17,128,3,2,1934,1,13.76,1689983.17,0,1,0,0
8,170,4,8,2004,3,0.63,2246182.77,1,0,0,0
7,106,1,8,2019,0,10.66,1543626.23,1,0,0,0
11,182,1,3,1896,1,0.93,3243319.13,0,1,0,0
14,124,5,1,1889,0,5.65,1106792.01,0,0,0,1
17,192,3,0,1924,3,9.12,2032153.45,0,1,0,0
5,108,2,2,2013,2,14.02,2010913.74,0,0,0,1
16,91,3,0,1969,2,14.82,1401527.7,0,1,0,0
6,22,3,0,1922,2,3.49,379476.03,0,1,0,0
18,121,1,0,1886,2,10.16,1452397.06,0,0,1,0
20,70,3,9,1956,1,9.75,941650.16,0,1,0,0
8,182,4,4,1928,2,1.43,2624495.7,0,0,1,0
8,112,3,3,1984,2,1.31,1700848.22,0,0,1,0
7,68,4,0,1904,2,10.84,715383.95,0,1,0,0
16,180,2,5,1887,2,2.12,2322958.88,0,0,1,0
10,171,5,4,1958,0,12.48,2981943.93,1,0,0,0
13,97,3,0,1989,1,4.12,1714003.04,0,0,1,0
10,70,2,4,1910,2,5.63,1009865.2,1,0,0,0
3,66,1,6,1945,0,11.9,1183868.53,0,0,1,0
9,124,2,9,1888,1,3.86,1547798.02,0,1,0,0
7,127,5,5,1958,2,7.8,2393023.07,0,0,1,0
5,164,1,9,1936,1,12.65,3002151.41,1,0,0,0
8,172,1,8,1878,1,7.16,1403350.13,1,0,0,0
8,101,5,3,1961,3,2.2,1682978.22,1,0,0,0
14,159,5,5,1957,0,7.97,2643355.19,0,0,1,0
4,164,1,9,1971,3,5.64,1991412.55,0,0,0,1
18,129,4,9,1877,0,5.01,1215306.48,0,0,0,1
16,181,3,7,1921,1,14.8,2177083.57,0,1,0,0
10,151,1,2,1923,2,6.47,1985247.13,0,0,1,0
2,171,2,5,1978,1,9.66,2040137.04,1,0,0,0
18,190,5,4,1913,1,14.03,3108310.18,1,0,0,0
14,53,2,4,1875,3,13.49,749813.11,0,0,0,1
13,21,2,4,1911,1,11.99,295966.88,0,1,0,0
10,39,3,4,2009,3,10.86,533951.35,1,0,0,0
10,158,1,8,1969,2,11.41,2650576.12,1,0,0,0
10,107,1,8,1957,0,5.34,1978435.16,0,1,0,0
5,171,3,8,2022,2,7.52,3051868.65,0,1,0,0
7,153,5,8,1995,2,13.58,1976281.24,1,0,0,0
6,62,2,5,1855,2,6.15,545828.37,0,1,0,0
6,199,4,3,1906,2,14.73,3616851.79,1,0,0,0
10,96,2,5,1928,1,3.86,1359400.18,0,0,0,1
20,137,2,2,1852,0,5.58,1623990.58,0,1,0,0
17,78,3,3,1909,3,10.98,1285409.67,0,0,1,0
13,136,3,1,1911,1,12.71,2604598.67,1,0,0,0
5,151,4,1,1910,2,2.0,2353163.49,0,1,0,0
8,62,1,8,1907,2,11.84,928275.23,1,0,0,0
13,187,2,2,1893,0,11.26,3198078.22,0,0,0,1
9,85,4,5,2006,2,2.8,878874.7,0,0,1,0
19,158,3,9,1885,2,12.86,2085277.26,1,0,0,0
12,76,2,5,1865,3,3.43,887896.92,0,0,0,1
4,73,1,1,1943,2,13.1,795554.55,0,1,0,0
6,152,4,0,1851,2,2.44,2576254.16,0,1,0,0
4,129,2,0,1977,2,8.47,1729801.69,0,0,1,0
20,180,3,0,2022,1,12.48,2814568.45,0,0,0,1
5,163,2,3,1984,1,4.34,1848662.96,0,1,0,0
15,195,4,6,1919,0,11.91,2639963.65,0,0,1,0
18,115,4,7,1850,1,7.23,1428319.16,0,1,0,0
8,36,5,2,1928,0,8.58,667808.25,1,0,0,0
17,134,2,8,1905,3,3.42,2332306.0,0,0,1,0
19,171,5,1,1857,3,4.11,3061752.94,1,0,0,0
18,196,5,3,1989,1,5.24,1726185.91,0,0,0,1
6,45,3,9,1958,0,7.25,795599.13,0,0,1,0
4,109,5,2,1998,0,11.86,1288080.62,0,0,0,1
3,172,4,2,1935,3,0.71,2726561.9,0,1,0,0
15,166,2,3,2009,0,2.42,2734667.74,0,0,0,1
15,113,3,4,1974,0,9.01,1750976.65,1,0,0,0
10,39,4,2,2020,0,10.3,775637.85,1,0,0,0
9,75,3,2,1936,1,13.96,1120956.15,1,0,0,0
19,124,2,4,1908,3,7.3,1500755.05,1,0,0,0
14,163,4,5,1962,3,7.19,2270552.84,0,0,1,0
18,180,1,1,2004,3,10.32,2528648.13,1,0,0,0
16,134,3,4,1936,2,10.52,1341110.11,1,0,0,0
14,103,1,5,1932,1,11.34,910273.61,0,0,0,1
14,85,4,7,1999,0,7.1,1102104.01,0,0,1,0
15,189,1,1,1997,0,10.44,3411148.54,0,1,0,0
3,175,3,7,1967,2,10.44,2869243.1,0,0,0,1
4,180,3,9,1943,0,13.28,2820309.46,0,0,0,1
17,80,5,1,1885,1,1.64,1440440.27,0,0,0,1
1,89,4,5,1997,2,0.96,1091059.54,1,0,0,0
15,54,2,3,1965,0,4.07,486798.37,0,1,0,0
8,188,3,7,2004,0,11.19,1980539.01,0,0,0,1
12,102,1,3,1886,2,13.51,2036619.19,0,0,0,1
7,133,1,4,1959,3,5.36,1806155.19,1,0,0,0
14,67,4,9,1943,1,4.94,1192847.02,1,0,0,0
7,25,2,9,1883,3,7.39,221310.47,1,0,0,0
20,64,2,4,1933,0,14.61,569462.69,1,0,0,0
20,140,1,7,1905,1,2.76,2745839.26,1,0,0,0
2,153,5,9,1888,0,5.8,1650881.0,0,1,0,0
8,178,5,3,1950,3,2.97,2070095.21,0,0,0,1
5,18,2,7,1976,1,4.43,218011.35,0,0,1,0
19,36,2,4,1859,2,7.83,646263.75,0,0,1,0
8,166,3,6,1994,1,6.91,1334256.68,0,0,1,0
17,71,2,1,1858,0,3.27,808195.02,0,0,0,1
10,103,2,7,1994,3,13.0,1648674.45,0,0,1,0
18,29,5,8,1889,0,5.89,576328.99,0,0,0,1
18,96,5,5,1920,3,2.2,1622370.95,0,1,0,0
12,62,2,6,1938,2,7.95,587685.04,0,1,0,0
14,155,5,4,1983,1,8.73,3009687.38,0,1,0,0
10,104,4,7,1874,1,11.25,2042853.71,0,1,0,0
18,180,4,2,2005,1,7.62,1797052.94,0,1,0,0
8,164,5,6,1921,1,5.88,2446776.37,0,0,1,0
15,20,3,0,1908,0,12.75,385334.79,1,0,0,0
14,83,4,8,1880,0,3.66,1334073.56,0,0,0,1
8,98,4,9,1963,1,1.28,784768.39,0,0,1,0
11,95,4,0,2001,0,7.55,1282488.9,1,0,0,0
12,123,3,6,2005,1,11.53,1335504.46,1,0,0,0
2,30,2,0,1879,0,14.99,513752.75,0,0,1,0
20,110,2,1,1862,3,10.28,1405182.73,1,0,0,0
7,108,5,0,2017,0,3.79,922906.44,0,0,0,1
7,157,1,4,1977,2,1.01,2138334.07,0,0,1,0
1,175,1,5,1960,1,2.83,2320175.09,0,0,0,1
4,89,2,0,1985,1,4.58,942154.81,0,1,0,0
20,26,1,9,1964,0,11.39,398560.47,0,0,0,1
8,185,1,9,1934,2,12.61,1947934.82,0,0,1,0
13,70,2,2,1903,2,1.77,827161.64,0,1,0,0
10,191,3,7,1898,2,5.32,2487390.6,0,0,1,0
17,77,3,0,1855,0,10.34,1204675.5,0,1,0,0
4,42,2,4,1964,2,7.84,648286.43,0,1,0,0
7,191,3,3,1907,2,10.88,2306753.4,0,0,1,0
14,119,4,2,1948,1,2.56,1841200.66,1,0,0,0
5,198,3,9,1897,2,12.6,3602493.3,1,0,0,0
18,128,4,8,1960,2,2.86,1328882.29,0,1,0,0
5,90,5,1,1916,2,4.08,1202451.69,0,0,0,1
8,132,2,3,1953,1,8.88,2489149.89,0,1,0,0
16,81,5,0,1864,2,7.2,759582.61,0,0,1,0
16,119,5,1,1944,0,5.67,1308226.32,0,1,0,0
6,154,4,6,1961,1,4.44,1812046.69,0,0,1,0
5,103,2,9,1998,1,6.73,1052205.72,0,1,0,0
18,191,4,0,1965,3,4.68,1802790.39,1,0,0,0
3,157,2,3,1895,3,9.67,1821090.86,1,0,0,0
14,135,2,0,1956,1,5.49,1965647.0,0,0,0,1
3,61,4,4,1953,3,10.03,913597.32,0,0,0,1
7,54,2,3,1910,2,11.81,795255.72,0,1,0,0
2,136,5,4,1905,0,1.84,1211478.92,0,1,0,0
1,116,5,1,1953,0,0.97,1242975.15,1,0,0,0
1,44,3,6,1939,2,11.95,633050.11,1,0,0,0
18,139,4,8,1952,3,14.56,2752590.1,0,0,1,0
17,198,2,3,1938,1,10.53,1703630.48,0,1,0,0
4,197,5,0,2019,1,12.44,3027425.8,1,0,0,0
8,36,3,7,1866,2,5.26,439553.86,0,0,0,1
12,104,5,0,1927,0,13.74,937691.05,0,0,1,0
3,177,5,0,2008,0,4.9,2640427.46,0,0,1,0
15,177,4,5,1907,1,10.42,1667999.36,0,0,0,1
10,176,2,9,1869,3,4.12,3387174.09,1,0,0,0
3,73,2,0,1863,0,12.75,1434728.19,0,1,0,0
13,149,4,2,1912,3,14.11,1400048.97,0,1,0,0
1,177,1,3,1949,3,10.38,2792853.05,0,0,0,1
16,136,4,0,1920,2,4.2,2417543.08,0,1,0,0
19,79,3,5,1907,3,8.3,968443.0,1,0,0,0
8,179,4,3,2022,0,3.69,2626992.56,0,0,0,1
9,110,5,2,1985,3,7.79,1817351.49,1,0,0,0
9,185,1,1,1857,1,1.23,2174971.32,1,0,0,0
11,122,3,8,1879,1,11.41,1531758.94,1,0,0,0
19,160,2,6,1909,0,6.94,2580681.1,0,0,0,1
3,140,5,5,1971,1,3.94,2225532.37,0,0,1,0
19,122,4,5,1881,0,6.79,2100539.65,0,0,0,1
18,29,2,4,1855,0,5.22,410905.21,0,0,1,0
5,137,3,0,1945,2,14.5,2458034.49,1,0,0,0
2,95,1,5,1884,0,14.23,1000410.3,1,0,0,0
8,164,3,9,1852,2,14.97,2206265.41,1,0,0,0
20,90,1,8,1922,2,3.13,1185462.61,0,1,0,0
1,97,5,3,1879,0,11.76,1035194.96,0,0,1,0
16,126,1,9,1907,2,5.44,2213383.14,0,0,0,1
18,141,1,2,1965,0,5.37,1216646.07,0,1,0,0
6,24,3,4,1998,3,14.25,259678.35,0,1,0,0
20,149,1,1,1925,1,1.02,1605877.68,0,0,1,0
3,68,3,0,1867,2,12.94,576143.74,1,0,0,0
5,104,1,9,1925,1,5.78,1814640.2,0,1,0,0
13,146,2,7,1856,2,2.41,1276423.75,0,0,1,0
4,133,4,0,1912,3,3.75,1744089.5,1,0,0,0
10,134,4,4,1939,2,1.88,2386226.94,0,1,0,0
9,42,5,4,2007,1,4.56,651734.34,1,0,0,0
3,28,2,3,1973,0,11.51,446699.55,0,0,0,1
15,43,3,3,1868,3,3.64,593945.85,0,1,0,0
1,35,5,3,1878,2,2.66,599267.59,1,0,0,0
18,84,4,1,1949,2,8.98,1082977.5,1,0,0,0
13,33,2,5,1949,2,13.35,340600.4,1,0,0,0
14,194,4,2,1996,3,9.9,1836275.61,0,1,0,0
18,130,1,3,1899,1,6.26,1260127.85,0,0,0,1
13,162,3,9,1917,1,4.42,1996762.44,0,0,0,1
9,48,5,9,1944,2,14.83,955727.11,0,0,1,0
16,161,2,2,1934,3,13.06,2821656.58,0,0,0,1
6,97,5,3,1987,2,6.7,1669958.33,0,1,0,0
14,74,1,6,2008,0,10.49,1036631.3,0,0,1,0
3,143,3,3,1920,2,0.73,2098423.23,0,0,1,0
8,64,4,0,1941,1,3.33,542826.64,0,1,0,0
15,61,4,6,1979,1,9.24,1059632.97,1,0,0,0
10,18,4,7,1899,0,10.27,157177.54,1,0,0,0
11,26,3,0,1898,2,10.4,419062.93,0,1,0,0
15,74,4,8,1945,0,3.78,837019.35,0,0,1,0
20,56,1,8,1967,2,3.67,868221.87,0,0,0,1
11,179,5,3,1956,0,2.14,2733681.49,0,0,0,1
11,94,2,8,1915,0,6.46,958934.31,0,0,0,1
11,87,4,9,1945,0,12.2,725069.04,0,0,1,0
19,190,4,1,1914,2,10.26,2620586.72,0,0,0,1
13,178,3,8,1927,0,6.27,2776967.48,0,0,1,0
12,29,4,3,1974,1,0.86,438021.86,1,0,0,0
19,163,2,4,1995,3,2.35,2373338.02,0,0,0,1
15,176,2,7,1885,0,14.88,2266719.21,0,0,0,1
10,36,5,8,1945,0,10.31,676914.1,1,0,0,0
16,178,4,2,2000,2,0.52,3444495.04,0,0,0,1
8,137,3,4,1953,1,2.35,2615527.94,0,0,1,0
14,154,1,6,1895,3,2.45,2461023.47,0,1,0,0
15,58,1,1,1854,0,2.0,1042736.76,0,1,0,0
18,130,3,0,1880,3,5.18,1506101.28,0,1,0,0
12,97,5,2,1982,3,7.96,1890683.24,1,0,0,0
8,84,1,1,2022,1,14.84,1059114.98,0,0,1,0
20,103,1,6,1945,0,3.07,1213239.2,1,0,0,0
11,68,3,9,1865,3,14.94,978007.36,0,1,0,0
1,60,3,9,1960,2,5.12,1064981.15,1,0,0,0
8,171,4,2,2010,0,9.67,2767857.35,0,0,0,1
12,177,5,3,1958,0,4.22,2644718.09,0,1,0,0
19,181,4,2,1951,2,1.84,2373136.7,0,0,0,1
1,185,5,8,1935,3,4.96,2975617.85,0,1,0,0
10,125,5,2,1891,3,8.09,2194762.78,0,1,0,0
4,129,2,8,1869,2,9.95,1493421.11,0,0,0,1
10,53,3,6,1860,0,9.75,796433.77,0,0,1,0
7,169,3,2,1983,2,4.16,1436322.13,0,1,0,0
16,127,2,2,1921,0,8.96,1250573.33,1,0,0,0
15,132,3,3,2002,3,10.66,2493852.93,0,0,1,0
10,116,4,4,2014,3,0.8,1427201.24,1,0,0,0
1,102,1,5,1903,3,5.3,2009620.29,0,0,1,0
6,132,4,0,1856,1,7.09,1683164.57,0,0,0,1
18,25,4,6,2022,2,2.25,480418.97,0,0,0,1
18,42,3,9,2002,0,1.4,824538.19,0,1,0,0
8,111,4,2,1879,1,7.74,1109181.96,0,1,0,0
6,172,4,7,1951,0,6.12,2203053.4,0,1,0,0
1,61,5,3,2015,0,7.1,811568.46,0,0,0,1
19,21,1,8,1923,0,7.42,408550.61,0,1,0,0
1,149,5,3,2010,1,2.34,1390841.24,0,0,0,1
9,195,4,0,1981,3,3.53,1940626.31,1,0,0,0
18,18,1,1,1884,2,2.19,153064.24,0,0,0,1
11,166,3,3,1972,0,10.34,1916572.11,0,0,0,1
4,46,1,2,1896,0,13.11,586764.57,0,0,1,0
17,45,4,6,1897,0,5.13,691776.0,0,0,1,0
20,190,1,5,1915,3,9.64,3408840.17,0,1,0,0
12,50,2,6,1850,0,5.18,584183.37,0,0,1,0
20,104,2,5,1893,2,1.08,1053087.6,0,0,0,1
20,100,3,4,1879,1,10.25,1419539.96,1,0,0,0
11,47,2,5,1943,1,0.82,832656.72,1,0,0,0
10,151,5,0,1966,1,6.88,1231387.9,1,0,0,0
12,194,5,1,1852,0,3.24,1823116.39,0,0,0,1
14,180,5,9,1860,0,12.48,3395963.89,0,0,0,1
14,127,2,5,2021,0,14.06,2234869.85,0,0,0,1
18,184,1,4,1904,1,4.09,2455413.45,0,0,0,1
16,109,4,2,1968,1,7.44,1414983.42,0,0,1,0
6,187,5,9,1902,0,8.09,2852182.31,0,0,1,0
20,88,3,6,2006,2,0.68,1407847.21,1,0,0,0
1,145,3,2,1855,1,6.08,2451590.76,0,1,0,0
7,52,5,2,1985,0,4.42,1010307.15,0,1,0,0
14,136,4,2,1934,0,0.87,1862277.75,0,1,0,0
15,150,5,8,1909,1,4.24,2990247.58,0,1,0,0
3,85,2,7,1962,1,9.86,868982.39,1,0,0,0
10,15,2,7,1962,2,1.62,290274.76,1,0,0,0
8,26,1,9,1961,1,10.37,247606.66,0,0,1,0
15,178,1,5,2020,3,1.18,1550250.03,0,1,0,0
19,155,3,1,1908,2,0.56,2271801.15,1,0,0,0
18,199,4,8,1917,3,3.07,3124665.01,0,0,1,0
15,81,2,7,1943,0,7.61,1230577.65,0,0,0,1
4,39,4,1,1915,2,9.02,395786.81,0,0,0,1
2,59,2,1,1960,2,5.57,707046.42,0,1,0,0
12,161,3,9,1863,0,12.54,1915750.84,1,0,0,0
4,186,1,6,2000,1,0.74,2895761.34,0,0,0,1
19,33,2,0,1996,0,8.07,584945.41,0,0,1,0
6,194,5,4,2003,1,13.41,1973893.11,0,0,0,1
7,141,3,5,1926,2,9.47,1905718.66,1,0,0,0
18,68,4,7,1934,1,6.79,1095172.13,0,0,1,0
11,99,1,5,2000,2,4.89,1277993.16,0,0,1,0
19,101,3,1,1936,3,4.04,1657279.33,0,0,1,0
5,163,1,1,1937,3,11.26,1692880.3,0,1,0,0
9,182,3,1,1933,1,10.64,2230952.77,0,0,0,1
8,105,1,8,1880,2,3.34,1778368.28,0,0,0,1
8,54,5,6,1997,0,4.29,748339.13,0,1,0,0
5,131,4,8,1874,0,5.13,1990098.48,0,0,1,0
13,55,3,5,1983,3,0.85,628513.15,0,1,0,0
3,156,2,6,1966,2,7.34,3010439.77,0,1,0,0
12,166,3,0,1965,0,6.41,2574358.37,0,1,0,0
11,49,1,0,1975,3,8.87,507421.05,1,0,0,0
15,103,2,6,1874,3,11.37,1598932.99,0,0,1,0
18,87,1,0,2011,1,3.13,1037827.48,0,1,0,0
14,118,2,5,1870,0,6.68,1377884.28,0,0,0,1
9,110,1,6,1880,2,2.99,987678.9,0,0,1,0
11,44,1,7,1974,0,12.27,464989.19,0,0,0,1
11,29,4,8,1958,3,12.08,457983.83,1,0,0,0
4,146,1,2,1970,3,13.35,1203281.51,0,1,0,0
4,19,4,1,1942,0,14.01,336159.66,0,0,0,1
15,184,5,8,1857,0,9.76,3062107.67,1,0,0,0
7,124,1,2,1891,2,12.96,1196793.04,0,0,0,1
6,134,5,9,1922,3,11.52,2157228.27,0,0,1,0
12,144,4,7,1913,3,9.86,1514344.8,0,0,1,0
12,165,5,2,1938,3,2.7,1920703.38,0,0,0,1
13,34,4,1,2002,1,11.07,294222.15,0,0,1,0
14,117,4,5,1948,3,6.7,1226372.32,1,0,0,0
1,132,4,2,1908,0,0.6,2236420.15,0,0,0,1
3,140,1,8,1884,1,12.77,1741990.07,0,0,0,1
17,191,3,6,1879,3,5.42,3719820.99,0,1,0,0
1,158,3,3,1932,3,13.19,1735231.5,0,0,1,0
14,187,5,9,1883,0,4.47,3451231.41,0,0,0,1
3,20,2,8,1930,0,10.21,386805.78,0,0,0,1
3,89,2,1,1877,3,12.13,972133.96,1,0,0,0
11,180,5,9,1870,2,10.4,1736568.07,0,0,1,0
5,117,3,3,1961,1,5.04,2075972.51,0,1,0,0
5,73,1,7,1905,3,9.88,1448229.29,1,0,0,0
20,49,3,7,1856,0,10.9,767350.14,0,0,0,1
12,186,1,9,1966,1,9.72,3319472.37,0,0,0,1
14,77,4,0,1982,1,14.73,1149913.05,0,1,0,0
3,17,4,2,1965,1,7.3,326508.65,1,0,0,0
4,126,5,0,1973,2,11.02,2402354.2,0,1,0,0
14,165,2,1,1928,1,1.53,2127400.51,0,0,1,0
8,41,2,7,1928,3,4.11,638636.98,0,0,1,0
8,61,5,7,1945,3,8.95,706335.44,0,0,1,0
10,130,1,1,1928,1,5.68,1385566.94,0,0,0,1
13,135,5,5,2008,3,2.27,1923281.02,0,0,1,0
8,167,3,0,1950,0,10.12,1836945.67,0,1,0,0
4,70,5,4,1871,0,3.34,953103.59,0,0,0,1
20,30,2,0,2020,3,7.14,473548.96,1,0,0,0
12,144,4,1,1943,1,9.14,2038247.55,0,0,1,0
13,83,5,2,1954,2,8.78,1581008.64,0,1,0,0
18,184,1,3,1935,0,12.74,1704734.87,0,0,0,1
3,36,2,5,1959,3,13.2,360495.91,1,0,0,0
1,85,1,0,1981,1,7.93,916478.12,0,0,1,0
2,96,3,0,1877,0,3.9,1199798.31,1,0,0,0
17,197,4,1,1936,0,11.38,3745775.85,0,0,1,0
14,70,1,1,1962,3,6.94,889121.15,0,1,0,0
18,53,5,1,2000,2,10.24,747656.63,0,0,0,1
3,44,2,3,1916,3,12.22,634462.4,0,0,1,0
17,160,2,5,1917,1,14.89,2359864.4,0,0,0,1
18,66,2,4,1927,0,12.95,605114.58,0,0,1,0
19,189,4,7,1977,2,13.61,3675767.86,1,0,0,0
14,169,1,0,1873,3,8.29,3281432.84,0,0,0,1
8,97,1,2,1911,0,5.96,1115144.29,1,0,0,0
4,36,3,2,2018,3,8.29,679089.17,0,1,0,0
10,45,2,0,1887,3,5.15,520731.15,0,0,0,1
1,124,3,2,1906,3,1.52,1936741.11,0,0,0,1
6,49,2,3,1934,2,8.4,503795.71,0,1,0,0
17,179,1,4,1865,1,2.95,3484302.72,0,0,1,0
12,75,2,0,1949,2,14.05,1060602.41,0,0,0,1
4,185,1,6,1984,2,3.39,3299567.21,1,0,0,0
14,85,4,3,1927,3,6.96,974747.9,0,0,1,0
9,110,3,1,1974,0,6.98,1805234.68,1,0,0,0
15,154,1,5,1907,3,1.77,2424947.49,0,0,1,0
16,160,5,6,2003,2,3.54,1637046.09,0,0,0,1
6,93,4,0,1885,3,3.1,1826091.39,0,0,1,0
19,199,5,6,1971,1,2.08,1929183.36,1,0,0,0
17,101,5,2,1936,3,9.68,1223220.39,1,0,0,0
1,111,1,6,1852,3,12.48,1595437.85,0,0,0,1
16,45,2,8,1850,0,8.65,858999.41,0,0,1,0
5,194,2,1,2007,3,12.31,1897723.79,0,0,0,1
18,140,4,9,1964,1,3.94,1342211.44,0,1,0,0
11,184,3,7,1890,0,8.13,2891291.52,0,0,0,1
11,76,3,1,1979,3,5.98,1257951.04,0,0,1,0
19,128,5,6,1871,3,1.55,1550739.96,0,0,1,0
17,88,1,4,2015,1,3.43,1347962.28,1,0,0,0
8,102,1,4,1906,0,0.59,925865.63,1,0,0,0
3,135,4,8,1917,2,13.93,1279660.88,0,1,0,0
10,131,2,7,1934,3,8.43,2566288.41,0,0,1,0
18,197,5,0,1867,3,11.07,2885640.06,0,1,0,0
12,115,5,8,1863,2,11.52,1372416.71,0,0,0,1
19,146,2,7,1969,1,8.89,2047518.36,0,0,1,0
15,122,1,4,1868,0,1.76,1435760.13,0,0,1,0
7,40,1,0,1931,1,12.53,651879.71,0,0,0,1
1,145,2,2,1866,3,4.84,2755963.83,0,1,0,0
8,90,1,2,1956,3,12.05,1057167.23,0,0,1,0
11,168,3,3,1966,0,9.22,3331308.79,1,0,0,0
10,60,4,5,1911,1,6.97,1059670.06,1,0,0,0
17,39,2,9,2006,0,7.23,341253.25,0,0,0,1
16,148,4,8,1927,1,8.41,1515081.57,1,0,0,0
9,104,1,3,1912,3,2.04,1766263.67,1,0,0,0
8,82,5,1,1991,2,12.18,1045445.24,0,1,0,0
15,63,4,0,1862,3,9.47,1231349.19,1,0,0,0
17,140,2,4,2005,0,6.72,2240108.97,0,0,0,1
3,182,2,6,1928,0,5.34,1504235.49,1,0,0,0
5,95,4,3,1895,2,9.2,1601511.83,0,0,0,1
9,26,2,2,2011,0,14.08,474931.95,0,0,1,0
11,148,5,5,1867,0,5.25,2777777.64,0,0,1,0
9,137,5,6,1897,3,8.97,1743136.8,0,0,0,1
7,98,3,4,1897,3,5.66,1785253.16,0,0,0,1
5,83,3,2,1971,1,11.23,937023.88,1,0,0,0
15,195,5,2,1942,2,4.65,1838709.29,0,1,0,0
14,168,5,8,1860,2,10.71,2852000.41,1,0,0,0
7,120,5,6,1863,2,10.59,1586970.71,0,1,0,0
15,52,4,1,2018,3,12.41,473854.04,0,0,1,0
3,159,1,2,1850,2,8.68,2782928.65,0,0,0,1
20,18,2,9,1934,1,9.45,179911.15,1,0,0,0
11,146,2,1,1861,3,11.55,2442809.75,0,0,0,1
8,112,5,8,1976,0,4.11,1792025.52,0,0,1,0
17,16,2,4,1859,2,12.29,192212.97,1,0,0,0
9,126,4,5,1935,3,8.59,1136469.03,0,0,0,1
13,64,4,6,1986,1,5.25,1220591.47,0,1,0,0
4,180,5,9,1968,3,1.09,2465501.05,0,1,0,0
5,148,1,5,2001,3,5.21,2291370.09,1,0,0,0
2,134,5,4,1906,1,3.93,1904960.77,0,0,0,1
7,47,3,8,1945,2,12.76,817612.13,0,1,0,0
3,56,3,8,2019,3,1.4,619597.45,0,0,1,0
1,40,1,1,1906,1,1.26,377221.01,1,0,0,0
15,140,5,6,1882,3,12.74,2328047.04,0,0,0,1
11,32,1,3,1884,3,12.98,407012.41,1,0,0,0
15,160,5,4,1987,1,6.36,2978831.26,1,0,0,0
19,191,3,9,2013,0,7.99,3518732.71,0,1,0,0
16,27,1,2,1943,0,7.49,308406.68,1,0,0,0
14,37,3,0,1989,2,13.91,421171.75,0,0,0,1
7,67,1,8,1961,2,9.35,926449.98,0,0,0,1
9,172,5,2,1939,1,7.97,2031090.59,0,1,0,0
2,90,2,1,1926,2,12.98,737310.41,0,0,0,1
16,16,5,9,1937,0,5.51,203665.31,0,1,0,0
2,165,4,4,1990,2,9.91,2908035.78,1,0,0,0
13,88,4,4,1959,0,4.99,1362421.61,0,0,0,1
7,120,4,3,1934,3,5.91,1934013.65,0,0,0,1
13,146,3,4,2000,0,5.23,2387032.78,0,0,1,0
18,182,5,3,1953,2,8.7,1740691.24,0,1,0,0
19,67,2,9,1950,0,4.88,563682.77,0,0,1,0
9,111,4,4,1877,3,12.53,1561146.52,0,0,0,1
11,124,2,9,1958,3,10.31,2110117.9,0,0,0,1
9,92,3,3,1882,0,3.62,1771752.01,1,0,0,0
17,119,5,9,2020,1,12.07,2279188.17,0,0,1,0
6,180,5,5,1900,1,3.45,2302112.38,1,0,0,0
8,18,2,3,1874,3,6.37,154150.38,0,0,1,0
8,112,4,8,1910,2,12.83,1741205.17,0,1,0,0
6,185,3,8,1954,1,9.1,2684512.79,0,0,0,1
19,107,1,1,1877,2,3.81,1027214.3,0,0,1,0
19,90,4,9,1850,2,2.94,1043923.75,1,0,0,0
19,31,3,2,2023,1,13.32,269349.77,0,0,0,1
16,181,2,5,2000,1,6.58,2746439.01,0,0,1,0
16,191,3,6,1979,3,14.04,2469396.7,1,0,0,0
2,140,3,6,1973,1,5.72,1984342.53,0,0,0,1
1,199,5,3,2007,3,14.52,3656106.64,0,1,0,0
11,127,2,6,1973,1,1.5,2331150.47,0,0,0,1
11,69,5,9,1936,2,2.8,897412.02,0,0,0,1
2,98,4,4,1994,1,7.31,1150185.16,1,0,0,0
19,91,3,1,1911,3,7.94,1060954.21,0,0,0,1
17,66,3,6,2021,3,1.59,901528.08,0,0,1,0
12,48,2,9,1891,3,5.27,581583.39,0,1,0,0
11,136,2,2,1998,2,1.9,1503749.89,0,0,1,0
5,106,1,4,1879,0,1.07,1206481.4,0,0,0,1
16,23,1,8,1911,1,7.28,397758.03,0,0,1,0
18,54,3,3,1899,1,0.65,449565.11,0,0,1,0
19,92,1,0,1885,0,7.42,1363548.88,0,0,0,1
10,24,1,9,1870,1,14.21,449452.85,0,0,1,0
6,94,4,5,1874,0,14.4,1262786.38,1,0,0,0
19,134,5,5,1906,1,4.55,2004365.96,1,0,0,0
20,142,1,2,2019,1,8.89,2837943.16,0,0,1,0
19,54,3,5,1904,0,1.58,905041.12,1,0,0,0
5,186,5,7,1961,3,14.2,3429128.71,0,0,1,0
8,129,5,6,1930,2,9.57,1915681.89,0,0,1,0
6,33,3,5,1891,2,14.43,533163.09,1,0,0,0
15,34,1,1,1912,2,10.48,277792.23,1,0,0,0
7,33,1,1,1966,3,14.36,348404.28,0,0,0,1
12,95,4,3,2002,3,12.87,870555.79,0,0,1,0
1,43,1,7,1863,0,4.78,484178.72,1,0,0,0
15,184,1,1,1866,1,12.85,2946951.18,0,1,0,0
14,113,1,8,1864,0,0.97,2118604.94,0,1,0,0
12,177,3,3,1914,3,3.22,2142555.48,0,1,0,0
16,123,1,6,1973,1,7.94,1332330.99,0,0,0,1
15,126,3,6,1931,3,13.09,2076917.95,1,0,0,0
10,68,2,1,1887,2,4.31,847587.55,1,0,0,0
9,151,3,7,1884,3,8.48,2509320.32,1,0,0,0
11,156,4,6,2002,0,13.39,2539910.48,0,0,0,1
6,164,4,6,1917,3,12.42,1765268.23,1,0,0,0
11,15,1,9,1982,3,10.81,128624.5,0,1,0,0
14,56,4,1,1923,0,8.08,1103135.67,0,0,0,1
6,122,2,6,1911,3,0.54,2127189.54,1,0,0,0
11,133,2,5,1894,1,11.22,1166295.16,0,0,0,1
14,140,2,5,1950,2,7.17,2533924.97,0,0,1,0
10,17,2,0,1856,3,4.18,160280.35,0,0,0,1
2,80,4,7,1866,0,4.43,725983.38,0,1,0,0
5,83,2,2,1870,2,6.17,671362.33,1,0,0,0
1,18,3,3,1950,3,1.49,234362.69,0,1,0,0
10,68,3,8,1889,1,1.83,761704.35,0,1,0,0
4,60,5,0,2013,1,5.04,738966.4,1,0,0,0
6,113,1,8,1926,3,6.43,1855322.5,0,0,1,0
16,66,4,9,1871,2,4.91,1077155.01,1,0,0,0
13,197,3,9,1989,0,11.04,2270819.22,0,1,0,0
9,98,5,4,1861,0,8.21,1048789.36,1,0,0,0
6,111,1,2,1852,0,4.28,1889395.15,0,0,1,0
12,25,5,9,1965,0,8.02,370791.5,0,0,0,1
2,45,3,1,1919,0,3.14,602604.81,0,0,1,0
15,174,4,1,2002,1,8.53,2066026.85,0,0,1,0
9,53,1,5,1974,1,4.91,713428.1,1,0,0,0
4,84,2,3,1938,2,6.86,1578941.02,1,0,0,0
18,127,5,0,1901,1,4.35,1777311.66,0,1,0,0
18,128,5,5,1967,0,1.68,1076802.85,1,0,0,0
17,78,2,1,1936,0,2.87,872146.0,0,1,0,0
19,68,3,1,1943,0,10.17,942650.65,0,0,0,1
10,73,5,4,1894,0,11.26,1153011.06,1,0,0,0
2,105,2,9,1977,3,6.95,1623113.59,0,0,0,1
15,61,5,4,1902,1,12.61,585747.06,0,0,0,1
7,168,3,5,1974,1,2.97,2827615.54,0,0,0,1
2,53,4,7,1913,3,9.24,719104.27,0,1,0,0
14,25,1,0,1870,1,6.41,499459.97,0,0,0,1
20,116,2,1,1972,2,9.89,1018865.25,0,0,1,0
3,113,3,6,1978,0,13.72,1785653.8,1,0,0,0
18,98,3,1,1975,2,10.67,1034093.2,0,1,0,0
9,83,1,5,2008,3,9.8,1089187.15,0,1,0,0
20,90,4,0,1919,3,13.75,1287343.73,0,1,0,0
14,145,2,9,1939,1,10.87,2311550.67,0,0,0,1
19,40,5,0,1993,3,9.17,380120.59,1,0,0,0
19,194,5,6,1998,2,13.11,2597359.91,1,0,0,0
18,169,2,5,2023,0,14.1,1848160.45,0,0,1,0
9,22,1,5,1870,0,4.19,321350.65,0,1,0,0
19,99,4,1,1942,3,8.42,1402659.76,0,1,0,0
6,29,2,5,1929,0,13.11,494085.36,0,0,1,0
5,123,5,6,2018,3,12.69,1068135.52,0,1,0,0
13,94,4,4,1922,1,4.62,875505.82,0,0,1,0
2,105,5,2,1898,2,9.57,873526.54,0,1,0,0
12,86,5,6,1891,2,5.61,1384838.22,1,0,0,0
10,41,2,8,1922,2,12.95,391889.65,0,0,1,0
16,143,2,8,1974,1,12.29,2024025.48,1,0,0,0
5,139,2,1,1907,0,10.7,2143299.42,0,0,1,0
11,101,2,4,1997,0,12.84,876131.25,0,0,1,0
20,126,4,0,1978,1,0.98,1976356.28,1,0,0,0
15,119,3,7,1894,0,13.77,1969050.45,0,0,0,1
16,38,2,3,1865,3,11.43,650093.44,0,0,1,0
17,196,1,0,1928,3,7.65,2393028.97,0,0,0,1
10,82,3,9,1924,1,4.74,1569166.01,0,1,0,0
17,117,1,6,1908,1,7.14,1433785.69,1,0,0,0
7,21,1,4,1928,3,3.48,393745.56,0,0,0,1
8,141,4,4,2013,0,3.26,2051271.38,1,0,0,0
2,91,1,2,1961,1,12.37,1240213.24,0,0,1,0
9,50,1,9,1932,0,12.04,744749.32,0,0,1,0
17,142,3,3,1950,3,1.92,1358066.02,0,1,0,0
1,178,4,4,2018,2,5.81,3397090.26,0,0,0,1
16,80,5,6,1896,1,4.36,849570.99,0,1,0,0
16,68,2,2,1922,2,6.66,915742.49,0,0,1,0
6,63,5,0,1948,3,3.78,642668.27,0,0,1,0
10,193,4,8,1972,0,13.7,2180957.37,1,0,0,0
2,158,4,6,1863,1,6.85,2459684.52,0,0,0,1
8,113,5,9,1881,1,14.14,1937447.77,0,0,0,1
9,95,5,8,2010,3,7.37,1757207.76,0,1,0,0
1,160,1,1,2002,1,4.23,1801147.26,0,1,0,0
6,134,2,3,1931,1,7.14,1117219.38,1,0,0,0
9,191,4,2,1963,2,9.14,3586551.65,0,0,1,0
14,78,5,9,1869,2,12.39,1166502.54,0,1,0,0
15,71,5,0,1941,1,3.93,793925.47,0,0,1,0
15,22,4,4,1967,0,14.83,379285.6,0,0,1,0
19,59,1,0,1975,3,8.07,515727.77,1,0,0,0
17,128,4,9,1879,2,1.84,2224735.73,0,0,1,0
10,144,3,8,1990,0,13.64,2240093.25,1,0,0,0
3,177,1,5,1890,2,10.04,1455360.34,0,0,1,0
11,45,4,1,1926,2,12.72,784713.09,0,0,1,0
10,72,2,7,2020,1,5.73,1188216.18,0,0,0,1
17,176,5,5,1967,3,8.25,2464071.63,0,0,0,1
20,155,3,7,1902,2,5.5,2122632.43,0,1,0,0
5,63,2,3,1860,0,9.64,1119088.26,1,0,0,0
10,160,5,3,1895,0,9.83,2483399.4,0,0,1,0
13,195,3,7,1947,3,2.86,2612244.13,0,1,0,0
19,87,3,8,1868,2,6.4,1585050.98,0,0,0,1
8,142,3,7,1875,2,6.81,1150686.78,0,1,0,0
17,97,2,6,2018,1,2.61,784687.1,0,0,1,0
18,111,2,7,1982,2,6.88,1124941.57,0,0,0,1
4,131,5,4,1871,1,11.21,1956959.3,0,1,0,0
9,170,1,0,1867,2,3.46,2464125.96,0,0,0,1
3,44,2,6,2010,2,7.46,541416.05,0,0,0,1
8,180,2,1,2015,0,0.51,3420192.97,0,0,1,0
11,160,3,9,1866,2,7.23,2661057.17,0,0,1,0
19,171,2,5,1855,0,7.56,3245256.09,0,0,1,0
4,154,3,2,2000,3,7.12,2409334.72,0,1,0,0
19,118,2,4,1987,0,11.78,2260788.8,1,0,0,0
7,23,4,1,1900,0,14.02,296147.7,1,0,0,0
17,49,3,7,1919,0,5.7,441517.25,0,0,1,0
2,161,3,8,1965,1,14.45,2118459.9,0,0,0,1
7,81,3,3,1978,0,10.26,929332.15,0,0,1,0
19,77,5,8,1979,1,0.86,1440641.44,0,1,0,0
11,190,3,6,1907,3,3.58,2735943.07,0,0,0,1
16,177,4,8,1892,1,5.81,1855238.26,0,0,1,0
11,191,3,6,1915,3,10.36,2303857.77,1,0,0,0
15,129,2,9,1927,1,11.26,2549444.35,0,0,1,0
6,62,1,5,1939,0,13.54,586474.31,0,0,0,1
3,52,5,4,1876,0,14.23,922023.56,0,0,0,1
14,58,4,0,1976,0,10.49,520146.16,0,1,0,0
16,145,4,1,1895,3,12.17,2575855.87,0,1,0,0
2,172,5,4,1948,2,8.73,1972806.29,0,0,0,1
1,173,1,4,1964,1,14.43,1951873.25,0,0,1,0
1,45,3,1,1954,1,0.71,437253.45,1,0,0,0
8,16,5,4,2022,2,13.6,285950.23,0,0,1,0
5,34,5,1,1874,0,7.8,301462.98,1,0,0,0
17,174,2,8,1916,1,9.9,2405286.84,0,0,1,0
3,65,5,8,1906,2,14.45,1200467.76,1,0,0,0
10,90,5,6,1980,2,9.52,1351725.37,0,1,0,0
14,173,5,5,2010,2,2.42,2328490.48,0,0,0,1
16,192,4,1,1965,1,6.56,2794554.47,0,0,1,0
6,123,2,7,1961,3,13.18,2247682.75,0,1,0,0
8,151,2,1,1926,1,14.43,1236847.52,0,0,0,1
7,29,4,4,2018,1,11.57,265630.92,1,0,0,0
